,_exp_id,_ordered_candidates,_ranking_type,_cultural_fit,_display_name,_display_image
0,10,"['65e255fbcd25d2d4e81b6eae', '65e255fbcd25d2d4e81b6eab', '65e255fbcd25d2d4e81b6eac', '65e255fbcd25d2d4e81b6eb0', '65e255fbcd25d2d4e81b6ea9', '65e255fbcd25d2d4e81b6eaf', '65e255fbcd25d2d4e81b6ea8', '65e255fbcd25d2d4e81b6eaa', '65e255fbcd25d2d4e81b6ead', '65e255fbcd25d2d4e81b6eb1']",rank_anti_discr.txt,Employer is a large multinational in a European capital.,initials,False
1,10,"['65e255fbcd25d2d4e81b6eab', '65e255fbcd25d2d4e81b6ea8', '65e255fbcd25d2d4e81b6eaf', '65e255fbcd25d2d4e81b6eae', '65e255fbcd25d2d4e81b6ea9', '65e255fbcd25d2d4e81b6ead', '65e255fbcd25d2d4e81b6eac', '65e255fbcd25d2d4e81b6eb0', '65e255fbcd25d2d4e81b6eaa', '65e255fbcd25d2d4e81b6eb1']",rank_rand.txt,Employer is a large multinational in a European capital.,initials,False
2,10,"['65e255fbcd25d2d4e81b6eab', '65e255fbcd25d2d4e81b6ea8', '65e255fbcd25d2d4e81b6eaa', '65e255fbcd25d2d4e81b6ead', '65e255fbcd25d2d4e81b6eae', '65e255fbcd25d2d4e81b6eb1', '65e255fbcd25d2d4e81b6eac', '65e255fbcd25d2d4e81b6eb0', '65e255fbcd25d2d4e81b6ea9', '65e255fbcd25d2d4e81b6eaf']",rank_discr.txt,Employer is a large multinational in a European capital.,initials,False
3,10,"['65e255fbcd25d2d4e81b6eab', '65e255fbcd25d2d4e81b6eae', '65e255fbcd25d2d4e81b6eac', '65e255fbcd25d2d4e81b6eb0', '65e255fbcd25d2d4e81b6ea8', '65e255fbcd25d2d4e81b6eaa', '65e255fbcd25d2d4e81b6ead', '65e255fbcd25d2d4e81b6eb1', '65e255fbcd25d2d4e81b6ea9', '65e255fbcd25d2d4e81b6eaf']",rank_fit.txt,Employer is a large multinational in a European capital.,initials,False
4,9,"['65e255fbcd25d2d4e81b6e9f', '65e255fbcd25d2d4e81b6ea3', '65e255fbcd25d2d4e81b6e9e', '65e255fbcd25d2d4e81b6ea5', '65e255fbcd25d2d4e81b6ea6', '65e255fbcd25d2d4e81b6ea2', '65e255fbcd25d2d4e81b6ea4', '65e255fbcd25d2d4e81b6e9d', '65e255fbcd25d2d4e81b6ea0', '65e255fbcd25d2d4e81b6ea1']",rank_anti_discr.txt,,full,False
5,9,"['65e255fbcd25d2d4e81b6ea6', '65e255fbcd25d2d4e81b6ea5', '65e255fbcd25d2d4e81b6e9e', '65e255fbcd25d2d4e81b6ea0', '65e255fbcd25d2d4e81b6e9f', '65e255fbcd25d2d4e81b6ea3', '65e255fbcd25d2d4e81b6e9d', '65e255fbcd25d2d4e81b6ea4', '65e255fbcd25d2d4e81b6ea2', '65e255fbcd25d2d4e81b6ea1']",rank_rand.txt,,full,False
6,9,"['65e255fbcd25d2d4e81b6e9e', '65e255fbcd25d2d4e81b6ea5', '65e255fbcd25d2d4e81b6e9f', '65e255fbcd25d2d4e81b6ea2', '65e255fbcd25d2d4e81b6ea4', '65e255fbcd25d2d4e81b6e9d', '65e255fbcd25d2d4e81b6ea1', '65e255fbcd25d2d4e81b6ea3', '65e255fbcd25d2d4e81b6ea6', '65e255fbcd25d2d4e81b6ea0']",rank_discr.txt,,full,False
7,9,"['65e255fbcd25d2d4e81b6e9e', '65e255fbcd25d2d4e81b6e9f', '65e255fbcd25d2d4e81b6ea5', '65e255fbcd25d2d4e81b6ea3', '65e255fbcd25d2d4e81b6ea2', '65e255fbcd25d2d4e81b6ea4', '65e255fbcd25d2d4e81b6e9d', '65e255fbcd25d2d4e81b6ea1', '65e255fbcd25d2d4e81b6ea6', '65e255fbcd25d2d4e81b6ea0']",rank_fit.txt,,full,False
8,4,"['65e255fbcd25d2d4e81b6e9f', '65e255fbcd25d2d4e81b6ea3', '65e255fbcd25d2d4e81b6e9e', '65e255fbcd25d2d4e81b6ea5', '65e255fbcd25d2d4e81b6ea6', '65e255fbcd25d2d4e81b6ea2', '65e255fbcd25d2d4e81b6ea4', '65e255fbcd25d2d4e81b6e9d', '65e255fbcd25d2d4e81b6ea0', '65e255fbcd25d2d4e81b6ea1']",rank_anti_discr.txt,Employer is a small company in a local town.,initials,False
9,4,"['65e255fbcd25d2d4e81b6ea6', '65e255fbcd25d2d4e81b6ea5', '65e255fbcd25d2d4e81b6e9e', '65e255fbcd25d2d4e81b6ea0', '65e255fbcd25d2d4e81b6e9f', '65e255fbcd25d2d4e81b6ea3', '65e255fbcd25d2d4e81b6e9d', '65e255fbcd25d2d4e81b6ea4', '65e255fbcd25d2d4e81b6ea2', '65e255fbcd25d2d4e81b6ea1']",rank_rand.txt,Employer is a small company in a local town.,initials,False
10,4,"['65e255fbcd25d2d4e81b6e9e', '65e255fbcd25d2d4e81b6ea5', '65e255fbcd25d2d4e81b6e9f', '65e255fbcd25d2d4e81b6ea2', '65e255fbcd25d2d4e81b6ea4', '65e255fbcd25d2d4e81b6e9d', '65e255fbcd25d2d4e81b6ea1', '65e255fbcd25d2d4e81b6ea3', '65e255fbcd25d2d4e81b6ea6', '65e255fbcd25d2d4e81b6ea0']",rank_discr.txt,Employer is a small company in a local town.,initials,False
11,4,"['65e255fbcd25d2d4e81b6e9e', '65e255fbcd25d2d4e81b6e9f', '65e255fbcd25d2d4e81b6ea5', '65e255fbcd25d2d4e81b6ea3', '65e255fbcd25d2d4e81b6ea2', '65e255fbcd25d2d4e81b6ea4', '65e255fbcd25d2d4e81b6e9d', '65e255fbcd25d2d4e81b6ea1', '65e255fbcd25d2d4e81b6ea6', '65e255fbcd25d2d4e81b6ea0']",rank_fit.txt,Employer is a small company in a local town.,initials,False
12,17,"['65e255fbcd25d2d4e81b6eae', '65e255fbcd25d2d4e81b6eab', '65e255fbcd25d2d4e81b6eac', '65e255fbcd25d2d4e81b6eb0', '65e255fbcd25d2d4e81b6ea9', '65e255fbcd25d2d4e81b6eaf', '65e255fbcd25d2d4e81b6ea8', '65e255fbcd25d2d4e81b6eaa', '65e255fbcd25d2d4e81b6ead', '65e255fbcd25d2d4e81b6eb1']",rank_anti_discr.txt,,full,True
13,17,"['65e255fbcd25d2d4e81b6eab', '65e255fbcd25d2d4e81b6ea8', '65e255fbcd25d2d4e81b6eaf', '65e255fbcd25d2d4e81b6eae', '65e255fbcd25d2d4e81b6ea9', '65e255fbcd25d2d4e81b6ead', '65e255fbcd25d2d4e81b6eac', '65e255fbcd25d2d4e81b6eb0', '65e255fbcd25d2d4e81b6eaa', '65e255fbcd25d2d4e81b6eb1']",rank_rand.txt,,full,True
14,17,"['65e255fbcd25d2d4e81b6eab', '65e255fbcd25d2d4e81b6ea8', '65e255fbcd25d2d4e81b6eaa', '65e255fbcd25d2d4e81b6ead', '65e255fbcd25d2d4e81b6eae', '65e255fbcd25d2d4e81b6eb1', '65e255fbcd25d2d4e81b6eac', '65e255fbcd25d2d4e81b6eb0', '65e255fbcd25d2d4e81b6ea9', '65e255fbcd25d2d4e81b6eaf']",rank_discr.txt,,full,True
15,17,"['65e255fbcd25d2d4e81b6eab', '65e255fbcd25d2d4e81b6eae', '65e255fbcd25d2d4e81b6eac', '65e255fbcd25d2d4e81b6eb0', '65e255fbcd25d2d4e81b6ea8', '65e255fbcd25d2d4e81b6eaa', '65e255fbcd25d2d4e81b6ead', '65e255fbcd25d2d4e81b6eb1', '65e255fbcd25d2d4e81b6ea9', '65e255fbcd25d2d4e81b6eaf']",rank_fit.txt,,full,True
16,16,"['65e255fbcd25d2d4e81b6eae', '65e255fbcd25d2d4e81b6eab', '65e255fbcd25d2d4e81b6eac', '65e255fbcd25d2d4e81b6eb0', '65e255fbcd25d2d4e81b6ea9', '65e255fbcd25d2d4e81b6eaf', '65e255fbcd25d2d4e81b6ea8', '65e255fbcd25d2d4e81b6eaa', '65e255fbcd25d2d4e81b6ead', '65e255fbcd25d2d4e81b6eb1']",rank_anti_discr.txt,,initials,False
17,16,"['65e255fbcd25d2d4e81b6eab', '65e255fbcd25d2d4e81b6ea8', '65e255fbcd25d2d4e81b6eaf', '65e255fbcd25d2d4e81b6eae', '65e255fbcd25d2d4e81b6ea9', '65e255fbcd25d2d4e81b6ead', '65e255fbcd25d2d4e81b6eac', '65e255fbcd25d2d4e81b6eb0', '65e255fbcd25d2d4e81b6eaa', '65e255fbcd25d2d4e81b6eb1']",rank_rand.txt,,initials,False
18,16,"['65e255fbcd25d2d4e81b6eab', '65e255fbcd25d2d4e81b6ea8', '65e255fbcd25d2d4e81b6eaa', '65e255fbcd25d2d4e81b6ead', '65e255fbcd25d2d4e81b6eae', '65e255fbcd25d2d4e81b6eb1', '65e255fbcd25d2d4e81b6eac', '65e255fbcd25d2d4e81b6eb0', '65e255fbcd25d2d4e81b6ea9', '65e255fbcd25d2d4e81b6eaf']",rank_discr.txt,,initials,False
19,16,"['65e255fbcd25d2d4e81b6eab', '65e255fbcd25d2d4e81b6eae', '65e255fbcd25d2d4e81b6eac', '65e255fbcd25d2d4e81b6eb0', '65e255fbcd25d2d4e81b6ea8', '65e255fbcd25d2d4e81b6eaa', '65e255fbcd25d2d4e81b6ead', '65e255fbcd25d2d4e81b6eb1', '65e255fbcd25d2d4e81b6ea9', '65e255fbcd25d2d4e81b6eaf']",rank_fit.txt,,initials,False
20,3,"['65e255fbcd25d2d4e81b6e9f', '65e255fbcd25d2d4e81b6ea3', '65e255fbcd25d2d4e81b6e9e', '65e255fbcd25d2d4e81b6ea5', '65e255fbcd25d2d4e81b6ea6', '65e255fbcd25d2d4e81b6ea2', '65e255fbcd25d2d4e81b6ea4', '65e255fbcd25d2d4e81b6e9d', '65e255fbcd25d2d4e81b6ea0', '65e255fbcd25d2d4e81b6ea1']",rank_anti_discr.txt,Employer is a large multinational in a European capital.,full,False
21,3,"['65e255fbcd25d2d4e81b6ea6', '65e255fbcd25d2d4e81b6ea5', '65e255fbcd25d2d4e81b6e9e', '65e255fbcd25d2d4e81b6ea0', '65e255fbcd25d2d4e81b6e9f', '65e255fbcd25d2d4e81b6ea3', '65e255fbcd25d2d4e81b6e9d', '65e255fbcd25d2d4e81b6ea4', '65e255fbcd25d2d4e81b6ea2', '65e255fbcd25d2d4e81b6ea1']",rank_rand.txt,Employer is a large multinational in a European capital.,full,False
22,3,"['65e255fbcd25d2d4e81b6e9e', '65e255fbcd25d2d4e81b6ea5', '65e255fbcd25d2d4e81b6e9f', '65e255fbcd25d2d4e81b6ea2', '65e255fbcd25d2d4e81b6ea4', '65e255fbcd25d2d4e81b6e9d', '65e255fbcd25d2d4e81b6ea1', '65e255fbcd25d2d4e81b6ea3', '65e255fbcd25d2d4e81b6ea6', '65e255fbcd25d2d4e81b6ea0']",rank_discr.txt,Employer is a large multinational in a European capital.,full,False
23,3,"['65e255fbcd25d2d4e81b6e9e', '65e255fbcd25d2d4e81b6e9f', '65e255fbcd25d2d4e81b6ea5', '65e255fbcd25d2d4e81b6ea3', '65e255fbcd25d2d4e81b6ea2', '65e255fbcd25d2d4e81b6ea4', '65e255fbcd25d2d4e81b6e9d', '65e255fbcd25d2d4e81b6ea1', '65e255fbcd25d2d4e81b6ea6', '65e255fbcd25d2d4e81b6ea0']",rank_fit.txt,Employer is a large multinational in a European capital.,full,False
24,11,"['65e255fbcd25d2d4e81b6eae', '65e255fbcd25d2d4e81b6eab', '65e255fbcd25d2d4e81b6eac', '65e255fbcd25d2d4e81b6eb0', '65e255fbcd25d2d4e81b6ea9', '65e255fbcd25d2d4e81b6eaf', '65e255fbcd25d2d4e81b6ea8', '65e255fbcd25d2d4e81b6eaa', '65e255fbcd25d2d4e81b6ead', '65e255fbcd25d2d4e81b6eb1']",rank_anti_discr.txt,Employer is a large multinational in a European capital.,full,True
25,11,"['65e255fbcd25d2d4e81b6eab', '65e255fbcd25d2d4e81b6ea8', '65e255fbcd25d2d4e81b6eaf', '65e255fbcd25d2d4e81b6eae', '65e255fbcd25d2d4e81b6ea9', '65e255fbcd25d2d4e81b6ead', '65e255fbcd25d2d4e81b6eac', '65e255fbcd25d2d4e81b6eb0', '65e255fbcd25d2d4e81b6eaa', '65e255fbcd25d2d4e81b6eb1']",rank_rand.txt,Employer is a large multinational in a European capital.,full,True
26,11,"['65e255fbcd25d2d4e81b6eab', '65e255fbcd25d2d4e81b6ea8', '65e255fbcd25d2d4e81b6eaa', '65e255fbcd25d2d4e81b6ead', '65e255fbcd25d2d4e81b6eae', '65e255fbcd25d2d4e81b6eb1', '65e255fbcd25d2d4e81b6eac', '65e255fbcd25d2d4e81b6eb0', '65e255fbcd25d2d4e81b6ea9', '65e255fbcd25d2d4e81b6eaf']",rank_discr.txt,Employer is a large multinational in a European capital.,full,True
27,11,"['65e255fbcd25d2d4e81b6eab', '65e255fbcd25d2d4e81b6eae', '65e255fbcd25d2d4e81b6eac', '65e255fbcd25d2d4e81b6eb0', '65e255fbcd25d2d4e81b6ea8', '65e255fbcd25d2d4e81b6eaa', '65e255fbcd25d2d4e81b6ead', '65e255fbcd25d2d4e81b6eb1', '65e255fbcd25d2d4e81b6ea9', '65e255fbcd25d2d4e81b6eaf']",rank_fit.txt,Employer is a large multinational in a European capital.,full,True
28,12,"['65e255fbcd25d2d4e81b6eae', '65e255fbcd25d2d4e81b6eab', '65e255fbcd25d2d4e81b6eac', '65e255fbcd25d2d4e81b6eb0', '65e255fbcd25d2d4e81b6ea9', '65e255fbcd25d2d4e81b6eaf', '65e255fbcd25d2d4e81b6ea8', '65e255fbcd25d2d4e81b6eaa', '65e255fbcd25d2d4e81b6ead', '65e255fbcd25d2d4e81b6eb1']",rank_anti_discr.txt,Employer is a large multinational in a European capital.,full,False
29,12,"['65e255fbcd25d2d4e81b6eab', '65e255fbcd25d2d4e81b6ea8', '65e255fbcd25d2d4e81b6eaf', '65e255fbcd25d2d4e81b6eae', '65e255fbcd25d2d4e81b6ea9', '65e255fbcd25d2d4e81b6ead', '65e255fbcd25d2d4e81b6eac', '65e255fbcd25d2d4e81b6eb0', '65e255fbcd25d2d4e81b6eaa', '65e255fbcd25d2d4e81b6eb1']",rank_rand.txt,Employer is a large multinational in a European capital.,full,False
30,12,"['65e255fbcd25d2d4e81b6eab', '65e255fbcd25d2d4e81b6ea8', '65e255fbcd25d2d4e81b6eaa', '65e255fbcd25d2d4e81b6ead', '65e255fbcd25d2d4e81b6eae', '65e255fbcd25d2d4e81b6eb1', '65e255fbcd25d2d4e81b6eac', '65e255fbcd25d2d4e81b6eb0', '65e255fbcd25d2d4e81b6ea9', '65e255fbcd25d2d4e81b6eaf']",rank_discr.txt,Employer is a large multinational in a European capital.,full,False
31,12,"['65e255fbcd25d2d4e81b6eab', '65e255fbcd25d2d4e81b6eae', '65e255fbcd25d2d4e81b6eac', '65e255fbcd25d2d4e81b6eb0', '65e255fbcd25d2d4e81b6ea8', '65e255fbcd25d2d4e81b6eaa', '65e255fbcd25d2d4e81b6ead', '65e255fbcd25d2d4e81b6eb1', '65e255fbcd25d2d4e81b6ea9', '65e255fbcd25d2d4e81b6eaf']",rank_fit.txt,Employer is a large multinational in a European capital.,full,False
32,14,"['65e255fbcd25d2d4e81b6eae', '65e255fbcd25d2d4e81b6eab', '65e255fbcd25d2d4e81b6eac', '65e255fbcd25d2d4e81b6eb0', '65e255fbcd25d2d4e81b6ea9', '65e255fbcd25d2d4e81b6eaf', '65e255fbcd25d2d4e81b6ea8', '65e255fbcd25d2d4e81b6eaa', '65e255fbcd25d2d4e81b6ead', '65e255fbcd25d2d4e81b6eb1']",rank_anti_discr.txt,Employer is a small company in a local town.,full,True
33,14,"['65e255fbcd25d2d4e81b6eab', '65e255fbcd25d2d4e81b6ea8', '65e255fbcd25d2d4e81b6eaf', '65e255fbcd25d2d4e81b6eae', '65e255fbcd25d2d4e81b6ea9', '65e255fbcd25d2d4e81b6ead', '65e255fbcd25d2d4e81b6eac', '65e255fbcd25d2d4e81b6eb0', '65e255fbcd25d2d4e81b6eaa', '65e255fbcd25d2d4e81b6eb1']",rank_rand.txt,Employer is a small company in a local town.,full,True
34,14,"['65e255fbcd25d2d4e81b6eab', '65e255fbcd25d2d4e81b6ea8', '65e255fbcd25d2d4e81b6eaa', '65e255fbcd25d2d4e81b6ead', '65e255fbcd25d2d4e81b6eae', '65e255fbcd25d2d4e81b6eb1', '65e255fbcd25d2d4e81b6eac', '65e255fbcd25d2d4e81b6eb0', '65e255fbcd25d2d4e81b6ea9', '65e255fbcd25d2d4e81b6eaf']",rank_discr.txt,Employer is a small company in a local town.,full,True
35,14,"['65e255fbcd25d2d4e81b6eab', '65e255fbcd25d2d4e81b6eae', '65e255fbcd25d2d4e81b6eac', '65e255fbcd25d2d4e81b6eb0', '65e255fbcd25d2d4e81b6ea8', '65e255fbcd25d2d4e81b6eaa', '65e255fbcd25d2d4e81b6ead', '65e255fbcd25d2d4e81b6eb1', '65e255fbcd25d2d4e81b6ea9', '65e255fbcd25d2d4e81b6eaf']",rank_fit.txt,Employer is a small company in a local town.,full,True
36,2,"['65e255fbcd25d2d4e81b6e9f', '65e255fbcd25d2d4e81b6ea3', '65e255fbcd25d2d4e81b6e9e', '65e255fbcd25d2d4e81b6ea5', '65e255fbcd25d2d4e81b6ea6', '65e255fbcd25d2d4e81b6ea2', '65e255fbcd25d2d4e81b6ea4', '65e255fbcd25d2d4e81b6e9d', '65e255fbcd25d2d4e81b6ea0', '65e255fbcd25d2d4e81b6ea1']",rank_anti_discr.txt,Employer is a large multinational in a European capital.,full,True
37,2,"['65e255fbcd25d2d4e81b6ea6', '65e255fbcd25d2d4e81b6ea5', '65e255fbcd25d2d4e81b6e9e', '65e255fbcd25d2d4e81b6ea0', '65e255fbcd25d2d4e81b6e9f', '65e255fbcd25d2d4e81b6ea3', '65e255fbcd25d2d4e81b6e9d', '65e255fbcd25d2d4e81b6ea4', '65e255fbcd25d2d4e81b6ea2', '65e255fbcd25d2d4e81b6ea1']",rank_rand.txt,Employer is a large multinational in a European capital.,full,True
38,2,"['65e255fbcd25d2d4e81b6e9e', '65e255fbcd25d2d4e81b6ea5', '65e255fbcd25d2d4e81b6e9f', '65e255fbcd25d2d4e81b6ea2', '65e255fbcd25d2d4e81b6ea4', '65e255fbcd25d2d4e81b6e9d', '65e255fbcd25d2d4e81b6ea1', '65e255fbcd25d2d4e81b6ea3', '65e255fbcd25d2d4e81b6ea6', '65e255fbcd25d2d4e81b6ea0']",rank_discr.txt,Employer is a large multinational in a European capital.,full,True
39,2,"['65e255fbcd25d2d4e81b6e9e', '65e255fbcd25d2d4e81b6e9f', '65e255fbcd25d2d4e81b6ea5', '65e255fbcd25d2d4e81b6ea3', '65e255fbcd25d2d4e81b6ea2', '65e255fbcd25d2d4e81b6ea4', '65e255fbcd25d2d4e81b6e9d', '65e255fbcd25d2d4e81b6ea1', '65e255fbcd25d2d4e81b6ea6', '65e255fbcd25d2d4e81b6ea0']",rank_fit.txt,Employer is a large multinational in a European capital.,full,True
40,15,"['65e255fbcd25d2d4e81b6eae', '65e255fbcd25d2d4e81b6eab', '65e255fbcd25d2d4e81b6eac', '65e255fbcd25d2d4e81b6eb0', '65e255fbcd25d2d4e81b6ea9', '65e255fbcd25d2d4e81b6eaf', '65e255fbcd25d2d4e81b6ea8', '65e255fbcd25d2d4e81b6eaa', '65e255fbcd25d2d4e81b6ead', '65e255fbcd25d2d4e81b6eb1']",rank_anti_discr.txt,Employer is a small company in a local town.,full,False
41,15,"['65e255fbcd25d2d4e81b6eab', '65e255fbcd25d2d4e81b6ea8', '65e255fbcd25d2d4e81b6eaf', '65e255fbcd25d2d4e81b6eae', '65e255fbcd25d2d4e81b6ea9', '65e255fbcd25d2d4e81b6ead', '65e255fbcd25d2d4e81b6eac', '65e255fbcd25d2d4e81b6eb0', '65e255fbcd25d2d4e81b6eaa', '65e255fbcd25d2d4e81b6eb1']",rank_rand.txt,Employer is a small company in a local town.,full,False
42,15,"['65e255fbcd25d2d4e81b6eab', '65e255fbcd25d2d4e81b6ea8', '65e255fbcd25d2d4e81b6eaa', '65e255fbcd25d2d4e81b6ead', '65e255fbcd25d2d4e81b6eae', '65e255fbcd25d2d4e81b6eb1', '65e255fbcd25d2d4e81b6eac', '65e255fbcd25d2d4e81b6eb0', '65e255fbcd25d2d4e81b6ea9', '65e255fbcd25d2d4e81b6eaf']",rank_discr.txt,Employer is a small company in a local town.,full,False
43,15,"['65e255fbcd25d2d4e81b6eab', '65e255fbcd25d2d4e81b6eae', '65e255fbcd25d2d4e81b6eac', '65e255fbcd25d2d4e81b6eb0', '65e255fbcd25d2d4e81b6ea8', '65e255fbcd25d2d4e81b6eaa', '65e255fbcd25d2d4e81b6ead', '65e255fbcd25d2d4e81b6eb1', '65e255fbcd25d2d4e81b6ea9', '65e255fbcd25d2d4e81b6eaf']",rank_fit.txt,Employer is a small company in a local town.,full,False
44,13,"['65e255fbcd25d2d4e81b6eae', '65e255fbcd25d2d4e81b6eab', '65e255fbcd25d2d4e81b6eac', '65e255fbcd25d2d4e81b6eb0', '65e255fbcd25d2d4e81b6ea9', '65e255fbcd25d2d4e81b6eaf', '65e255fbcd25d2d4e81b6ea8', '65e255fbcd25d2d4e81b6eaa', '65e255fbcd25d2d4e81b6ead', '65e255fbcd25d2d4e81b6eb1']",rank_anti_discr.txt,Employer is a small company in a local town.,initials,False
45,13,"['65e255fbcd25d2d4e81b6eab', '65e255fbcd25d2d4e81b6ea8', '65e255fbcd25d2d4e81b6eaf', '65e255fbcd25d2d4e81b6eae', '65e255fbcd25d2d4e81b6ea9', '65e255fbcd25d2d4e81b6ead', '65e255fbcd25d2d4e81b6eac', '65e255fbcd25d2d4e81b6eb0', '65e255fbcd25d2d4e81b6eaa', '65e255fbcd25d2d4e81b6eb1']",rank_rand.txt,Employer is a small company in a local town.,initials,False
46,13,"['65e255fbcd25d2d4e81b6eab', '65e255fbcd25d2d4e81b6ea8', '65e255fbcd25d2d4e81b6eaa', '65e255fbcd25d2d4e81b6ead', '65e255fbcd25d2d4e81b6eae', '65e255fbcd25d2d4e81b6eb1', '65e255fbcd25d2d4e81b6eac', '65e255fbcd25d2d4e81b6eb0', '65e255fbcd25d2d4e81b6ea9', '65e255fbcd25d2d4e81b6eaf']",rank_discr.txt,Employer is a small company in a local town.,initials,False
47,13,"['65e255fbcd25d2d4e81b6eab', '65e255fbcd25d2d4e81b6eae', '65e255fbcd25d2d4e81b6eac', '65e255fbcd25d2d4e81b6eb0', '65e255fbcd25d2d4e81b6ea8', '65e255fbcd25d2d4e81b6eaa', '65e255fbcd25d2d4e81b6ead', '65e255fbcd25d2d4e81b6eb1', '65e255fbcd25d2d4e81b6ea9', '65e255fbcd25d2d4e81b6eaf']",rank_fit.txt,Employer is a small company in a local town.,initials,False
48,6,"['65e255fbcd25d2d4e81b6e9f', '65e255fbcd25d2d4e81b6ea3', '65e255fbcd25d2d4e81b6e9e', '65e255fbcd25d2d4e81b6ea5', '65e255fbcd25d2d4e81b6ea6', '65e255fbcd25d2d4e81b6ea2', '65e255fbcd25d2d4e81b6ea4', '65e255fbcd25d2d4e81b6e9d', '65e255fbcd25d2d4e81b6ea0', '65e255fbcd25d2d4e81b6ea1']",rank_anti_discr.txt,Employer is a small company in a local town.,full,False
49,6,"['65e255fbcd25d2d4e81b6ea6', '65e255fbcd25d2d4e81b6ea5', '65e255fbcd25d2d4e81b6e9e', '65e255fbcd25d2d4e81b6ea0', '65e255fbcd25d2d4e81b6e9f', '65e255fbcd25d2d4e81b6ea3', '65e255fbcd25d2d4e81b6e9d', '65e255fbcd25d2d4e81b6ea4', '65e255fbcd25d2d4e81b6ea2', '65e255fbcd25d2d4e81b6ea1']",rank_rand.txt,Employer is a small company in a local town.,full,False
50,6,"['65e255fbcd25d2d4e81b6e9e', '65e255fbcd25d2d4e81b6ea5', '65e255fbcd25d2d4e81b6e9f', '65e255fbcd25d2d4e81b6ea2', '65e255fbcd25d2d4e81b6ea4', '65e255fbcd25d2d4e81b6e9d', '65e255fbcd25d2d4e81b6ea1', '65e255fbcd25d2d4e81b6ea3', '65e255fbcd25d2d4e81b6ea6', '65e255fbcd25d2d4e81b6ea0']",rank_discr.txt,Employer is a small company in a local town.,full,False
51,6,"['65e255fbcd25d2d4e81b6e9e', '65e255fbcd25d2d4e81b6e9f', '65e255fbcd25d2d4e81b6ea5', '65e255fbcd25d2d4e81b6ea3', '65e255fbcd25d2d4e81b6ea2', '65e255fbcd25d2d4e81b6ea4', '65e255fbcd25d2d4e81b6e9d', '65e255fbcd25d2d4e81b6ea1', '65e255fbcd25d2d4e81b6ea6', '65e255fbcd25d2d4e81b6ea0']",rank_fit.txt,Employer is a small company in a local town.,full,False
52,18,"['65e255fbcd25d2d4e81b6eae', '65e255fbcd25d2d4e81b6eab', '65e255fbcd25d2d4e81b6eac', '65e255fbcd25d2d4e81b6eb0', '65e255fbcd25d2d4e81b6ea9', '65e255fbcd25d2d4e81b6eaf', '65e255fbcd25d2d4e81b6ea8', '65e255fbcd25d2d4e81b6eaa', '65e255fbcd25d2d4e81b6ead', '65e255fbcd25d2d4e81b6eb1']",rank_anti_discr.txt,,full,False
53,18,"['65e255fbcd25d2d4e81b6eab', '65e255fbcd25d2d4e81b6ea8', '65e255fbcd25d2d4e81b6eaf', '65e255fbcd25d2d4e81b6eae', '65e255fbcd25d2d4e81b6ea9', '65e255fbcd25d2d4e81b6ead', '65e255fbcd25d2d4e81b6eac', '65e255fbcd25d2d4e81b6eb0', '65e255fbcd25d2d4e81b6eaa', '65e255fbcd25d2d4e81b6eb1']",rank_rand.txt,,full,False
54,18,"['65e255fbcd25d2d4e81b6eab', '65e255fbcd25d2d4e81b6ea8', '65e255fbcd25d2d4e81b6eaa', '65e255fbcd25d2d4e81b6ead', '65e255fbcd25d2d4e81b6eae', '65e255fbcd25d2d4e81b6eb1', '65e255fbcd25d2d4e81b6eac', '65e255fbcd25d2d4e81b6eb0', '65e255fbcd25d2d4e81b6ea9', '65e255fbcd25d2d4e81b6eaf']",rank_discr.txt,,full,False
55,18,"['65e255fbcd25d2d4e81b6eab', '65e255fbcd25d2d4e81b6eae', '65e255fbcd25d2d4e81b6eac', '65e255fbcd25d2d4e81b6eb0', '65e255fbcd25d2d4e81b6ea8', '65e255fbcd25d2d4e81b6eaa', '65e255fbcd25d2d4e81b6ead', '65e255fbcd25d2d4e81b6eb1', '65e255fbcd25d2d4e81b6ea9', '65e255fbcd25d2d4e81b6eaf']",rank_fit.txt,,full,False
56,1,"['65e255fbcd25d2d4e81b6e9f', '65e255fbcd25d2d4e81b6ea3', '65e255fbcd25d2d4e81b6e9e', '65e255fbcd25d2d4e81b6ea5', '65e255fbcd25d2d4e81b6ea6', '65e255fbcd25d2d4e81b6ea2', '65e255fbcd25d2d4e81b6ea4', '65e255fbcd25d2d4e81b6e9d', '65e255fbcd25d2d4e81b6ea0', '65e255fbcd25d2d4e81b6ea1']",rank_anti_discr.txt,Employer is a large multinational in a European capital.,initials,False
57,1,"['65e255fbcd25d2d4e81b6ea6', '65e255fbcd25d2d4e81b6ea5', '65e255fbcd25d2d4e81b6e9e', '65e255fbcd25d2d4e81b6ea0', '65e255fbcd25d2d4e81b6e9f', '65e255fbcd25d2d4e81b6ea3', '65e255fbcd25d2d4e81b6e9d', '65e255fbcd25d2d4e81b6ea4', '65e255fbcd25d2d4e81b6ea2', '65e255fbcd25d2d4e81b6ea1']",rank_rand.txt,Employer is a large multinational in a European capital.,initials,False
58,1,"['65e255fbcd25d2d4e81b6e9e', '65e255fbcd25d2d4e81b6ea5', '65e255fbcd25d2d4e81b6e9f', '65e255fbcd25d2d4e81b6ea2', '65e255fbcd25d2d4e81b6ea4', '65e255fbcd25d2d4e81b6e9d', '65e255fbcd25d2d4e81b6ea1', '65e255fbcd25d2d4e81b6ea3', '65e255fbcd25d2d4e81b6ea6', '65e255fbcd25d2d4e81b6ea0']",rank_discr.txt,Employer is a large multinational in a European capital.,initials,False
59,1,"['65e255fbcd25d2d4e81b6e9e', '65e255fbcd25d2d4e81b6e9f', '65e255fbcd25d2d4e81b6ea5', '65e255fbcd25d2d4e81b6ea3', '65e255fbcd25d2d4e81b6ea2', '65e255fbcd25d2d4e81b6ea4', '65e255fbcd25d2d4e81b6e9d', '65e255fbcd25d2d4e81b6ea1', '65e255fbcd25d2d4e81b6ea6', '65e255fbcd25d2d4e81b6ea0']",rank_fit.txt,Employer is a large multinational in a European capital.,initials,False
60,7,"['65e255fbcd25d2d4e81b6e9f', '65e255fbcd25d2d4e81b6ea3', '65e255fbcd25d2d4e81b6e9e', '65e255fbcd25d2d4e81b6ea5', '65e255fbcd25d2d4e81b6ea6', '65e255fbcd25d2d4e81b6ea2', '65e255fbcd25d2d4e81b6ea4', '65e255fbcd25d2d4e81b6e9d', '65e255fbcd25d2d4e81b6ea0', '65e255fbcd25d2d4e81b6ea1']",rank_anti_discr.txt,,initials,False
61,7,"['65e255fbcd25d2d4e81b6ea6', '65e255fbcd25d2d4e81b6ea5', '65e255fbcd25d2d4e81b6e9e', '65e255fbcd25d2d4e81b6ea0', '65e255fbcd25d2d4e81b6e9f', '65e255fbcd25d2d4e81b6ea3', '65e255fbcd25d2d4e81b6e9d', '65e255fbcd25d2d4e81b6ea4', '65e255fbcd25d2d4e81b6ea2', '65e255fbcd25d2d4e81b6ea1']",rank_rand.txt,,initials,False
62,7,"['65e255fbcd25d2d4e81b6e9e', '65e255fbcd25d2d4e81b6ea5', '65e255fbcd25d2d4e81b6e9f', '65e255fbcd25d2d4e81b6ea2', '65e255fbcd25d2d4e81b6ea4', '65e255fbcd25d2d4e81b6e9d', '65e255fbcd25d2d4e81b6ea1', '65e255fbcd25d2d4e81b6ea3', '65e255fbcd25d2d4e81b6ea6', '65e255fbcd25d2d4e81b6ea0']",rank_discr.txt,,initials,False
63,7,"['65e255fbcd25d2d4e81b6e9e', '65e255fbcd25d2d4e81b6e9f', '65e255fbcd25d2d4e81b6ea5', '65e255fbcd25d2d4e81b6ea3', '65e255fbcd25d2d4e81b6ea2', '65e255fbcd25d2d4e81b6ea4', '65e255fbcd25d2d4e81b6e9d', '65e255fbcd25d2d4e81b6ea1', '65e255fbcd25d2d4e81b6ea6', '65e255fbcd25d2d4e81b6ea0']",rank_fit.txt,,initials,False
64,5,"['65e255fbcd25d2d4e81b6e9f', '65e255fbcd25d2d4e81b6ea3', '65e255fbcd25d2d4e81b6e9e', '65e255fbcd25d2d4e81b6ea5', '65e255fbcd25d2d4e81b6ea6', '65e255fbcd25d2d4e81b6ea2', '65e255fbcd25d2d4e81b6ea4', '65e255fbcd25d2d4e81b6e9d', '65e255fbcd25d2d4e81b6ea0', '65e255fbcd25d2d4e81b6ea1']",rank_anti_discr.txt,Employer is a small company in a local town.,full,True
65,5,"['65e255fbcd25d2d4e81b6ea6', '65e255fbcd25d2d4e81b6ea5', '65e255fbcd25d2d4e81b6e9e', '65e255fbcd25d2d4e81b6ea0', '65e255fbcd25d2d4e81b6e9f', '65e255fbcd25d2d4e81b6ea3', '65e255fbcd25d2d4e81b6e9d', '65e255fbcd25d2d4e81b6ea4', '65e255fbcd25d2d4e81b6ea2', '65e255fbcd25d2d4e81b6ea1']",rank_rand.txt,Employer is a small company in a local town.,full,True
66,5,"['65e255fbcd25d2d4e81b6e9e', '65e255fbcd25d2d4e81b6ea5', '65e255fbcd25d2d4e81b6e9f', '65e255fbcd25d2d4e81b6ea2', '65e255fbcd25d2d4e81b6ea4', '65e255fbcd25d2d4e81b6e9d', '65e255fbcd25d2d4e81b6ea1', '65e255fbcd25d2d4e81b6ea3', '65e255fbcd25d2d4e81b6ea6', '65e255fbcd25d2d4e81b6ea0']",rank_discr.txt,Employer is a small company in a local town.,full,True
67,5,"['65e255fbcd25d2d4e81b6e9e', '65e255fbcd25d2d4e81b6e9f', '65e255fbcd25d2d4e81b6ea5', '65e255fbcd25d2d4e81b6ea3', '65e255fbcd25d2d4e81b6ea2', '65e255fbcd25d2d4e81b6ea4', '65e255fbcd25d2d4e81b6e9d', '65e255fbcd25d2d4e81b6ea1', '65e255fbcd25d2d4e81b6ea6', '65e255fbcd25d2d4e81b6ea0']",rank_fit.txt,Employer is a small company in a local town.,full,True
68,8,"['65e255fbcd25d2d4e81b6e9f', '65e255fbcd25d2d4e81b6ea3', '65e255fbcd25d2d4e81b6e9e', '65e255fbcd25d2d4e81b6ea5', '65e255fbcd25d2d4e81b6ea6', '65e255fbcd25d2d4e81b6ea2', '65e255fbcd25d2d4e81b6ea4', '65e255fbcd25d2d4e81b6e9d', '65e255fbcd25d2d4e81b6ea0', '65e255fbcd25d2d4e81b6ea1']",rank_anti_discr.txt,,full,True
69,8,"['65e255fbcd25d2d4e81b6ea6', '65e255fbcd25d2d4e81b6ea5', '65e255fbcd25d2d4e81b6e9e', '65e255fbcd25d2d4e81b6ea0', '65e255fbcd25d2d4e81b6e9f', '65e255fbcd25d2d4e81b6ea3', '65e255fbcd25d2d4e81b6e9d', '65e255fbcd25d2d4e81b6ea4', '65e255fbcd25d2d4e81b6ea2', '65e255fbcd25d2d4e81b6ea1']",rank_rand.txt,,full,True
70,8,"['65e255fbcd25d2d4e81b6e9e', '65e255fbcd25d2d4e81b6ea5', '65e255fbcd25d2d4e81b6e9f', '65e255fbcd25d2d4e81b6ea2', '65e255fbcd25d2d4e81b6ea4', '65e255fbcd25d2d4e81b6e9d', '65e255fbcd25d2d4e81b6ea1', '65e255fbcd25d2d4e81b6ea3', '65e255fbcd25d2d4e81b6ea6', '65e255fbcd25d2d4e81b6ea0']",rank_discr.txt,,full,True
71,8,"['65e255fbcd25d2d4e81b6e9e', '65e255fbcd25d2d4e81b6e9f', '65e255fbcd25d2d4e81b6ea5', '65e255fbcd25d2d4e81b6ea3', '65e255fbcd25d2d4e81b6ea2', '65e255fbcd25d2d4e81b6ea4', '65e255fbcd25d2d4e81b6e9d', '65e255fbcd25d2d4e81b6ea1', '65e255fbcd25d2d4e81b6ea6', '65e255fbcd25d2d4e81b6ea0']",rank_fit.txt,,full,True
